{
  "_comment": "Holding positions as x,y coordinates (0.0 to 1.0 relative to board dimensions)",
  
  "holdings": {
    "xandoria": {"x": 0.088867187, "y": 0.6484375},
    "xelphane": {"x": 0.333984375, "y": 0.6533203125},
    "xythera": {"x": 0.20703125, "y": 0.9013671875},
    "x_castle": {"x": 0.220703125, "y": 0.7490234375},
    
    "ulverin": {"x": 0.1376953125, "y": 0.134765625},
    "uldorwyn": {"x": 0.1201171875, "y": 0.3466796875},
    "umbrith": {"x": 0.4130859375, "y": 0.1298828125},
    "u_castle": {"x": 0.2421875, "y": 0.255859375},
    
    "valoria": {"x": 0.626953125, "y": 0.1259765625},
    "vardhelm": {"x": 0.865234375, "y": 0.1259765625},
    "velthar": {"x": 0.8837890625, "y": 0.3330078125},
    "v_castle": {"x": 0.75390625, "y": 0.2470703125},
    
    "quindara": {"x": 0.6796875, "y": 0.6572265625},
    "qyrelis": {"x": 0.890625, "y": 0.65234375},
    "quorwyn": {"x": 0.787109375, "y": 0.8994140625},
    "q_castle": {"x": 0.779296875, "y": 0.7509765625},
    
    "xu_castle": {"x": 0.236328125, "y": 0.4990234375},
    "qv_castle": {"x": 0.7646484375, "y": 0.50},
    
    "king_castle": {"x": 0.50, "y": 0.50}
  }
}

